,Nick,League Points,Total Games,Daily League Points,Daily Games
0,SanChess,1686,305,0,0
113,TwTF 드록바,1603,187,0,0
594,피부미인드록바,1590,420,0,0
595,uL ZENIA,1575,624,0,0
596,PBE안해도너보다잘함,1573,185,0,0
597,저격수S,1573,203,0,0
598,FA strongsexy,1533,397,0,0
599,uL precel,1532,661,0,0
600,T1 Bebe872,1523,448,0,0
601,지보배2,1477,183,0,0
602,오박사TV,1453,442,0,0
603,강선종,1410,579,0,0
604,My Paradise,1410,225,0,0
593,뚜 두,1408,262,0,0
605,베승기,1395,376,0,0
607,카시장인 삿카시,1378,342,0,0
608,퐈피는 잘못없어,1372,320,0,0
609,정동글 YouTube,1353,291,0,0
610,우쭐리우중,1348,467,0,0
611,엘무무 Youtube,1331,548,0,0
612,TwTF 김준민,1323,468,0,0
613,JJangsung 2 YA,1320,564,0,0
614,줘 너,1316,356,0,0
615,Mig Global,1304,373,0,0
616,두눈이,1300,391,0,0
617,Acro DrucKer,1292,428,0,0
606,천연만화,1280,403,0,0
591,uL 판키,1276,601,0,0
578,밀짚모자 쌍옆,1275,337,0,0
590,초가스와 코그모,1273,343,0,0
566,광어콩,1248,612,0,0
567,지보배,1241,310,0,0
568,TFT 가지볶음,1240,429,0,0
569,bn 뽀뇨뽀노,1231,300,0,0
570,짐승의삶z,1206,145,0,0
571,여리링,1205,260,0,0
572,장유보안관,1190,351,0,0
573,영판항,1189,507,0,0
574,TwTF 표면,1184,186,0,0
575,ManChodi TFT,1182,358,0,0
576,나연아보고싶어그때로돌아가자우리,1181,202,0,0
565,곰과제리,1162,453,0,0
577,Luzesky,1158,481,0,0
579,신루리,1154,345,0,0
580,표 면,1153,468,0,0
581,진우와 윌럼프,1152,389,0,0
582,인성파탄난쓰레기,1151,465,0,0
583,정신이있니없니,1147,391,0,0
584,뿔보 정점 김뚜헝,1144,434,0,0
585,퀸카 은지,1143,229,0,0
586,롤체열심히함,1140,780,0,0
587,NA OH MY EYE,1136,342,0,0
588,말안들으면트롤함,1133,408,0,0
589,롤체계의거물,1128,591,0,0
618,Kanatan,1128,445,0,0
592,정동기리,1125,184,0,0
619,uL ZENlA,1124,401,0,0
648,uL 깜시루,1123,444,0,0
650,이렇게 좋은 날,1113,426,0,0
651,심 맹,1107,341,0,0
652,자프키엘,1107,192,0,0
653,세유나,1105,360,0,0
654,Irail,1104,266,0,0
655,Acro 바니,1102,435,0,0
656,무지성풀캠박치기,1098,365,0,0
657,핑크다이아몬드,1097,533,0,0
658,dunizuni,1094,498,0,0
659,You Kn0w What,1077,309,0,0
660,Acro Jokipapa,1076,291,0,0
649,TAEGIEE,1075,374,0,0
661,구깨룩3,1073,301,0,0
663,KGE,1071,230,0,0
664,꾸루멍,1069,291,0,0
665,윤종기,1065,331,0,0
666,3Chon,1064,301,0,0
667,Acro uu,1062,377,0,0
668,Teukhan,1056,706,0,0
669,반림동,1046,364,0,0
670,하이라이프,1042,702,0,0
671,엠돈 유튜브 구독,1042,619,0,0
672,Crumple,1041,366,0,0
673,말티푸귀여워,1037,476,0,0
647,YORDEL,1032,330,0,0
662,프리레버,1032,502,0,0
634,Elatha,1031,172,0,0
646,이강인    직,1028,396,0,0
622,지하닝팬,1026,342,0,0
623,uL 성민,1024,413,0,0
624,난 강아지없어힝,1022,264,0,0
625,김하잉,1021,351,0,0
626,쭈 농,1013,369,0,0
627,우리원딜레드도둑,1013,214,0,0
628,허민욱 전용 백정,1013,144,0,0
629,OkaygeBusiness,1009,115,0,0
630,다우니아야해쩌,1008,283,0,0
631,uL 빈틈,1008,166,0,0
632,아갓어,1007,443,0,0
621,shungjinsoo,1003,277,0,0
633,Hz 태콩,1003,426,0,0
635,종범1,994,219,0,0
636,uL 쵸리,992,416,0,0
637,리플평단 1430,982,157,0,0
638,TOTY 카이바,982,392,0,0
639,배 치 의 신,982,454,0,0
640,alleTFT,966,149,0,0
641,요괴 9단 yaoguai,964,631,0,0
642,15테임즈,959,256,0,0
643,다우니아야해떠,954,211,0,0
644,Hz 카지노딜러,949,474,0,0
620,하늘희락3,945,642,0,0
645,T1 꼴픽이,945,363,0,0
563,플인선,940,233,0,0
564,찰나권총12강팜,940,418,0,0
562,띵 땡,939,411,0,0
482,3GJ 부캐,937,446,0,0
483,폰으로챌린저감,936,484,0,0
484,설빙봉 ,934,611,0,0
485,uL Pado,934,194,0,0
486,Hz 히츄,933,414,0,0
487,민트초코탕수육,932,517,0,0
488,트위치 강천둥,931,581,0,0
489,cA0S,931,393,0,0
490,TwTF 민다빈,930,328,0,0
491,Me god,930,355,0,0
492,Delete ADC,930,374,0,0
481,Hz jaemin,929,426,0,0
493,로디2,928,282,0,0
495,재한1,925,294,0,0
496,레아 00,925,436,0,0
497,비읍학,921,372,0,0
498,둘리52,921,275,0,0
499,1타강사 주노우,919,291,0,0
500,시건호2,918,374,0,0
501,Hz 쁘보배,917,353,0,0
502,코스모스웩,917,235,0,0
503,sotosofo,917,305,0,0
504,mymaster2,916,254,0,0
505,DOMINAT0R,909,324,0,0
494,Rachel 성나연,907,447,0,0
479,BerB,903,367,0,0
480,탑 제이스,903,264,0,0
478,복덕훅,896,406,0,0
453,Akilleus from EU,892,314,0,0
454,지하닝,892,580,0,0
455,롤체스메시,887,531,0,0
456,샐리의 법칙,882,330,0,0
457,Rank1ng,882,336,0,0
458,쪼해피롱,881,514,0,0
459,충주사과꿀주먹,881,337,0,0
460,순방요정,880,228,0,0
461,정 장,880,344,0,0
462,Mig 설화산티모,878,305,0,0
463,드로우갓겜,876,288,0,0
464,빠코TV,874,307,0,0
465,부천정재경,872,413,0,0
466,NEGF,869,386,0,0
467,쌈장과벗,866,497,0,0
468,쐐기검,864,276,0,0
469,쉐르비,864,741,0,0
470,화난짹짹3,864,232,0,0
471,치릴구,863,618,0,0
472,호 까,863,301,0,0
473,역션환,861,410,0,0
474,멘탈매우안좋음,857,887,0,0
475,Hwj,857,627,0,0
476,제로겟,853,312,0,0
477,므네짱짱,853,403,0,0
506,녹턴오빠불좀꺼,852,380,0,0
507,엉망진창 메시,852,187,0,0
508,Furch Red,851,418,0,0
536,진 샤,848,296,0,0
538,재공소년,847,380,0,0
539,놈보배,844,289,0,0
540,포 뇻,841,454,0,0
541,uL 칸체스Tv,840,195,0,0
542,푸도로,836,510,0,0
543,결빙화,835,861,0,0
544,대왕 굴비,835,393,0,0
545,MRNGU2,833,538,0,0
546,칼픽 다리,832,295,0,0
547,롤체챌까지한걸음,828,286,0,0
537,크흐맨,827,206,0,0
548,서강대영미어문,827,216,0,0
549,볼빵빵 테리어몬,824,335,0,0
551,뚠뚠펭귄,820,215,0,0
552,손목날아가분다,818,300,0,0
553,우리크,816,475,0,0
554,퀸인경,814,513,0,0
555,AFTV 배그좋아,813,724,0,0
556,behappy0504,812,719,0,0
557,Hz 에픽,812,205,0,0
558,스킬찍찍찍,812,225,0,0
559,랭킹1위후보,810,186,0,0
560,에 더,802,216,0,0
561,발 명,802,633,0,0
550,덕소나몽이,800,643,0,0
535,낭만 메잠,797,178,0,0
522,서폿장인노짱,796,344,0,0
534,알오비4,795,187,0,0
510,영점오,794,158,0,0
511,집은내가지킬게,793,620,0,0
512,PERSON 0,793,280,0,0
513,이상한미소,793,228,0,0
514,발바닥위에,791,237,0,0
515,세훈에몽,791,428,0,0
516,MAYSAQ,788,329,0,0
517,인천피스트유튜브,786,130,0,0
518,뿔보 절정 박성연,786,202,0,0
519,불암초척추분쇄기,784,707,0,0
520,칸체스TV,779,123,0,0
509,구지금,777,148,0,0
521,초코만,775,77,0,0
523,망한손,774,397,0,0
524,홀애비,773,585,0,0
525,콧수염로망스,773,560,0,0
526,경진이,769,118,0,0
527,낭군같은남자,766,391,0,0
528,귤이달면좋아,766,423,0,0
529,00Jungle,765,257,0,0
530,쌈 굴,763,278,0,0
531,나하뚜,761,379,0,0
532,아 갓 씨,761,721,0,0
533,Trick C,759,639,0,0
452,대화를 좋아해,757,279,0,0
674,메추리777,757,264,0,0
675,응애 나 애기보리,757,345,0,0
677,나의 일기장,756,327,0,0
819,세나 히데토시,756,697,0,0
820,김밥처럼 넌 만두처럼 달콤해,755,114,0,0
821,구진심,755,173,0,0
822,필통이,755,323,0,0
823,아니뭐할건데,753,253,0,0
824,두한짱 ,753,178,0,0
825,협찰찰,752,343,0,0
826,실수투성이 아이,750,213,0,0
827,zl존현민짱,749,415,0,0
828,단간론파키리기리,749,471,0,0
818,Devourance,748,146,0,0
829,하루카,748,500,0,0
830,Inativs,747,360,0,0
832,빵멍보다 못함,747,352,0,0
833,zoozzang,746,129,0,0
834,dps극딜,746,289,0,0
835,신사가 되세요,746,152,0,0
836,호마레토,745,162,0,0
837,정회 조,744,552,0,0
838,TwTF 인천피스트,742,309,0,0
839,개소리 한소리,740,364,0,0
840,Hz 안혁준2,739,377,0,0
841,진짜홍삼,738,190,0,0
842,wight3,738,380,0,0
831,주식개박살,737,438,0,0
803,강도깨뷔,734,205,0,0
815,TFT Show,734,157,0,0
816,팀략적전게임,734,401,0,0
791,wMir,732,398,0,0
792,부디 아픔이 없이,731,373,0,0
793,상체 뽑는 망겜,731,214,0,0
794, IlIlllIIlIIIlIl,731,331,0,0
795,우리집엄마아빠,730,547,0,0
796,TFT Ranker,729,210,0,0
797,dunezune,729,152,0,0
798,lIIIlllIIlIl,726,207,0,0
799,알파카농장주,726,555,0,0
800,한남 동각,726,328,0,0
801,금빵이,726,232,0,0
790,정우송,725,239,0,0
802,HALMHALM,725,147,0,0
804,ShrimpVicious,724,526,0,0
805,미리리미리,724,248,0,0
806,HappYUN,723,247,0,0
807,nywell,723,145,0,0
892,zl존최강롤체123,722,149,0,0
808,구깨룩,721,95,0,0
809,청년과 중년사이,721,435,0,0
810,근열맨,720,439,0,0
811,Acro 보라돌이,720,288,0,0
812,키 키 늉,719,321,0,0
813,uL 종또리,719,212,0,0
814,세나릴,718,478,0,0
843,롤체 전문 한의사,718,293,0,0
817,어른이될사람,717,379,0,0
844,twitch zooclo,717,396,0,0
873,배토체스보고배움,717,427,0,0
893,소환사의제제,717,245,0,0
875,철회랜드,716,509,0,0
876,교촌치킨레드허니,716,278,0,0
894,되게 불안한 사람,715,391,0,0
877,snoopuh,714,250,0,0
878,인하루엔,714,268,0,0
895,Unhesitate,714,214,0,0
879,acro 상mini,713,209,0,0
880,앗 어,712,456,0,0
881,모 찌 늉,711,306,0,0
882,1타강사 깨멍이,711,435,0,0
883,적사스오,710,231,0,0
884,케인지 크몽,710,249,0,0
896,rabbit12,709,326,0,0
897,싼타할매,709,300,0,0
898,어깨가무거운사람,709,478,0,0
887,beautifuI sun,707,306,0,0
859,Useless Chat,706,232,0,0
872,심 딴,706,216,0,0
871,asdfewqrwe,704,125,0,0
847,1Chon,703,213,0,0
848,뭘꼬라보니아가야,703,275,0,0
849,보토르,703,263,0,0
885,컁 캉,703,550,0,0
850,몽글몽글가렌,701,281,0,0
851,Ignited,699,132,0,0
852,NCT노래듣는사람,698,129,0,0
853,기모자,698,356,0,0
854,꽝 백,697,416,0,0
855,근면성실한 사람,697,219,0,0
874,서포터 카르마,695,186,0,0
886,초보끼리합시다,695,221,0,0
856,산천어홍보대사,694,323,0,0
888,Easy Mode,694,629,0,0
857,Soldering,688,443,0,0
846,Acro 인턴,686,99,0,0
889,Acro Nicole,686,418,0,0
858,Ice아메리카노I,684,508,0,0
860,롤하다죽을란다,684,137,0,0
861,Maxbetzz,683,428,0,0
862,diay,682,404,0,0
863,Yoo Jin2,681,248,0,0
864,껄봇윗,680,348,0,0
865,Anuemine,680,410,0,0
866,오늘은 이걸로 해,680,242,0,0
867,분석왕봉달이,679,891,0,0
868,inla99,676,317,0,0
845,다냥냥,673,259,0,0
869,은싸사랑개,673,280,0,0
870,빙이는 아가야,673,196,0,0
788,베이스 여왕키키,671,205,0,0
789,홍시띠,671,304,0,0
787,해골7,670,202,0,0
707,배치차이 원식,669,431,0,0
708,박 휘 동,669,259,0,0
709,꽉끼는반지,664,95,0,0
710,팬티속보추,663,52,0,0
711,턱타르,661,324,0,0
712,저 서 비 ,660,548,0,0
713,해리 번스,659,118,0,0
714,빙하유령정찰원소,658,281,0,0
715,쌰커우,658,145,0,0
716,리롤의 부두술사,657,393,0,0
717,유탑오블레스,656,253,0,0
706,Acro 나나,653,269,0,0
718,uL Jg Jax,652,515,0,0
720,장주현,652,250,0,0
721,바질이활짝필때,650,252,0,0
890,hipii,650,266,0,0
722,껌크림,648,230,0,0
723,hz 카보배,648,298,0,0
724,용병 박병성,646,103,0,0
725,실망몬,644,490,0,0
726,랩동젤,643,239,0,0
727,Acro 골드,641,406,0,0
728,김맛귤2,640,353,0,0
729,소브로,637,360,0,0
719,Oreoreoreoreoreo,634,414,0,0
730,득득과 윌럼프,634,326,0,0
704,3년만에 돌아온,632,200,0,0
705,순 바,632,141,0,0
703,아현아 결혼하자,631,287,0,0
678,베르톨트,628,526,0,0
679,너 밤,625,252,0,0
680,체스오브레전드,625,467,0,0
681,멀록은니엄마야,624,243,0,0
682,식사담당,624,359,0,0
683,허니비 YouTube,624,378,0,0
684,ROOT SuperNova,624,424,0,0
685,오직바위게만,624,218,0,0
686,해킹왕,623,284,0,0
687,Yoo Jin,622,326,0,0
688,아뮤뮤뮤뮤,621,499,0,0
689,엉망진창 오띠띠,620,569,0,0
690,rxre,618,227,0,0
691,광기의 CC기,618,424,0,0
692,나그거한입만주라,618,218,0,0
693,현직깡패,611,149,0,0
694,하스하다왔어,609,203,0,0
695,쁘보배빈그레,608,570,0,0
696,타오갓,607,362,0,0
697,편하게하는사람,607,185,0,0
698,TwTF 진흙이,606,523,0,0
699,랩퍼카렌,606,368,0,0
700,홈카페프렌즈,606,329,0,0
701,너무행복한뱅후니,606,422,0,0
702,손 대 윤,605,240,0,0
731,SSoDA,603,329,0,0
732,KAIST 21학번,603,434,0,0
733,prayer기도만번함,603,214,0,0
761,팀 플레이어,602,458,0,0
763,끙락쀼,601,181,0,0
764,정6점,601,435,0,0
765,눈동자 속 은하수,596,392,0,0
766,겜좀재밌네,596,106,0,0
891,청민이다,596,222,0,0
767,Del Luna Fan,595,301,0,0
768,예당중3학년정모 ,591,300,0,0
769,AgathaZest,591,285,0,0
770,영혼해방운명봉인,588,112,0,0
771,vbra,586,442,0,0
772,나는 생각이 너무 많아,585,426,0,0
773,즐겜하는 노마딕,584,321,0,0
762,코난방송좋아해요,583,333,0,0
774,Let it Rain,582,294,0,0
776,헤이즈 노래모음,580,508,0,0
777,욍욍욍욍욍욍욍,580,165,0,0
778,Mig 부먹요정,579,191,0,0
779,실리키안,578,239,0,0
780,dippindot,573,242,0,0
781,로구달,573,404,0,0
782,michinnomida,572,580,0,0
783,배 서,570,196,0,0
784,빵쿠이,569,257,0,0
785,맹유찬1,569,342,0,0
760,euro,568,561,0,0
775,정상수이온충격기,568,223,0,0
786,인내 절제 냉정함,568,206,0,0
747,카나야 좋아해,567,541,0,0
759,판수도르,566,387,0,0
735,LimHyeongseok,565,331,0,0
736,제티스,565,371,0,0
737,si9n,564,321,0,0
738,전투기계장인,564,223,0,0
739,세주아니 장인,563,156,0,0
740,띵 바 땡 보,563,251,0,0
741,항산항심,562,504,0,0
742,울산전하동,562,211,0,0
743,니미소가날숨쉬게해넌나의에너지,561,128,0,0
744,Acro 김자르반,561,274,0,0
734,curioustore,560,348,0,0
745,라면면 ramenmen,560,267,0,0
746,DariusIV,560,209,0,0
748,Choa2,559,632,0,0
749,EDG V1pe12,557,323,0,0
750,임봉삼,555,388,0,0
751,CooRlo,553,183,0,0
752,미리리미리2,553,197,0,0
753,소작방냄심방,553,284,0,0
754,재료과학총합학과,551,410,0,0
755,1성 병아리,550,227,0,0
756,새콤달콤 크릉이,549,245,0,0
757,엉망진창 니얼굴,548,472,0,0
758,김강한 Youtube,548,353,0,0
451,트린드미어10장인,547,468,0,0
676,농  스,547,367,0,0
449,종훈모찌,546,164,0,0
450,uL 코스모,546,394,0,0
144,퀴트린,545,340,0,0
145,블랙펭수,542,198,0,0
146,사미라 삼일한,542,385,0,0
147,쪼튜브보고챌린저,540,243,0,0
148,임육뎍,540,185,0,0
149,그림쟁이간미,540,184,0,0
150,칠썽싸이다,538,173,0,0
151,정동글제자,537,273,0,0
152,링동이,537,217,0,0
153,the Innovator,537,133,0,0
154,시 곰,537,380,0,0
143,인생 행복한 사람,536,167,0,0
155,백병원심영,535,641,0,0
157,Hz 정라덴,535,330,0,0
158,김승한7,534,221,0,0
159,LMNtal,534,362,0,0
160,천재야,534,239,0,0
161,너의마음에,533,259,0,0
162,따롱이이,533,345,0,0
163,어리바리개깜,533,304,0,0
164,2번죽고 시작한다,533,292,0,0
165,호호재재,533,269,0,0
156,고호동,532,345,0,0
166,아재의불꽃컨트롤,532,192,0,0
167,Big Goat,532,836,0,0
142,ING 제리,531,187,0,0
141,엉망진창 초구리,530,352,0,0
115,눈보배,529,253,0,0
140,붉렉12,529,170,0,0
116,신 하고 정훈,528,276,0,0
117,REMEMBER 140416,528,184,0,0
118,Javan,528,192,0,0
119,쉬운롤체,528,245,0,0
120,쁘띠세로로,527,498,0,0
121,IlIIlllIlIlll,526,249,0,0
122,맞아본 적이없어,526,392,0,0
123,빛이 나는 강,526,283,0,0
124,도와줘요 김요리,524,364,0,0
125,무기력한 하루,524,148,0,0
126,Lv 1 룰러,524,253,0,0
127,오목도사님,522,305,0,0
128,중수 모데카이저,522,791,0,0
129,간발의순간,521,470,0,0
130,돈쫌병갓,520,546,0,0
131,엉망진창 규한93,520,314,0,0
132,Unknight,519,515,0,0
133,o하늘빛파도o,518,375,0,0
134,술살돈,518,496,0,0
135,exploit,518,350,0,0
136,엄준식명예소방관,517,231,0,0
137,후용김,517,225,0,0
138,TOTY FGO,516,174,0,0
139,초밥집대검도둑,516,575,0,0
168,포챠이드,515,470,0,0
169,아니이건십오바지,514,194,0,0
170,뭔가 어렵네,514,282,0,0
198,10분 뒤에 깨워줘,514,202,0,0
200,pengu pengoo,513,217,0,0
201,뚜석이,512,425,0,0
202,TFT Lie,511,291,0,0
203,지하닝보고강등,511,206,0,0
204,나 김민수 아니다,511,222,0,0
205,마키무라 마코토,510,371,0,0
206,조 득,510,586,0,0
207,아무나친추해줘많이외로워붙잡아줘,509,308,0,0
208,Ori110,509,267,0,0
209,바딸초,506,166,0,0
210,여 심,505,393,0,0
199,what do i do,504,133,0,0
211,3성 문다은,504,263,0,0
213,승진오빠,504,204,0,0
214,MogiFkiller,503,461,0,0
215,아해봐요,503,184,0,0
216,LONEYDIVER,500,175,0,0
217,진상현,500,212,0,0
218,수감번호703,499,523,0,0
219,춘봉바라기,499,162,0,0
220,천상이당,498,283,0,0
221,나도사기치고싶다,497,190,0,0
222,그래너오보작,497,164,0,0
212,고동민,495,403,0,0
223,SKT T1 CHOY,495,235,0,0
197,ASAPASAPASAPASAP,494,552,0,0
172,proooa,493,175,0,0
173,추 억 ,493,365,0,0
184,이사람 가가매요,493,257,0,0
196,Absolute 찬,493,398,0,0
174,김도칠,492,436,0,0
175,배부른박승호,491,509,0,0
176,조각상준,491,755,0,0
177,무 오,490,382,0,0
178,푸리에방정식2,488,360,0,0
179,golrazo,487,224,0,0
180,유형검,487,218,0,0
181,서먹서먹,487,131,0,0
182,감기 바이러스,486,458,0,0
171,나코틴중독,485,307,0,0
183,내카드,485,237,0,0
185,시근이쳐,484,319,0,0
186,Lideer,483,246,0,0
187,pRo4s,483,299,0,0
188,맨도르장군,483,253,0,0
189,잔다하면,482,92,0,0
190,배고파송송계란탁,482,225,0,0
191,설남훈,482,442,0,0
192,ryu5601,479,158,0,0
193,jon1996 ,478,98,0,0
194,왱 알,477,462,0,0
112,Hurry,476,187,0,0
114,이상근유튜브구독,476,342,0,0
195,이건오바지,476,186,0,0
1,타튜브 보고배움,475,161,0,0
111,강남교자,475,524,0,0
31,저 곳,474,231,0,0
32,E정택,474,421,0,0
33,조끼먹으러갑니다,474,372,0,0
34,포도팔이,474,190,0,0
35,내별친구,474,373,0,0
36,꼬마펭귄펭구,473,267,0,0
37,findu,473,226,0,0
38,말랑이3성미트볼,472,216,0,0
39,여심도둑 김찬호,472,746,0,0
30,나랑듀오해두호,470,396,0,0
40,짭납1,470,241,0,0
41,보들보들라떼,470,623,0,0
42,꼬마펭구리,470,821,0,0
44,겅진이,470,112,0,0
45,최고다블랙맨,469,304,0,0
46,박인수가만든괴물,469,264,0,0
47,YanG Uyo,469,275,0,0
48,팝스타 여리,469,228,0,0
49,원딜주노,468,266,0,0
50,DALMORE 15YEARS,468,352,0,0
51,밍쪼구리,466,277,0,0
52,Icy silence,466,334,0,0
53,배후성,466,237,0,0
54,잼수용,464,175,0,0
43,하스 천재,463,218,0,0
27,경멸받는 쾌락 ,462,402,0,0
28,초보볼,462,197,0,0
29,이재명찍고죽자,462,466,0,0
2,스벙이,461,242,0,0
3,PDN1,461,197,0,0
4,모 비,460,259,0,0
5,염연습후아이디,460,118,0,0
6,KissWood,460,149,0,0
7,HooDBoY,459,219,0,0
8,대부분깨달았다,459,369,0,0
9,대가리깬 양양이,458,597,0,0
10,운 건,458,318,0,0
11,게멍멍,457,587,0,0
12,essen Y,456,480,0,0
13,꿈나라역0번출구,456,195,0,0
14,사일럿트,455,495,0,0
15,LordKim,455,299,0,0
16,Shoichi,455,144,0,0
17,JlSUNG,455,489,0,0
18,운으로게임하는사람,455,164,0,0
19,블고수,454,220,0,0
20,내가오거마법사다,454,232,0,0
21,블루안머거요,454,169,0,0
22,LeeBin,454,179,0,0
23,바지락털국수,454,369,0,0
24,협곡노가다목장갑,453,329,0,0
25,x지존x원딜x베르x,452,431,0,0
26,석훈2,450,127,0,0
55,Maxbetgg,450,342,0,0
56,영 태,450,163,0,0
57,세젤귀 준호,449,194,0,0
85,망각률,449,419,0,0
87,허남주,448,266,0,0
88,뒷통수절벽,448,226,0,0
89,별수호자르브론,448,276,0,0
90,STPT,448,273,0,0
91,Evenfall,448,176,0,0
92,담배값인상,447,286,0,0
93,체달정,447,203,0,0
94,Tomoda Ayaka,446,342,0,0
95,잘생긴자,446,546,0,0
96,행당동이두박근,446,230,0,0
86,랜턴 알아서 타,445,233,0,0
97,태엽풀린오리아나,445,344,0,0
98,dooaee,445,195,0,0
100,러브게임,444,287,0,0
101,서영서영,443,374,0,0
102,In that,442,294,0,0
103,M0YA,442,218,0,0
104,imeatmybeat,442,266,0,0
105,BeatriceStar,442,469,0,0
106,이른날의추억,442,258,0,0
107,백윤대감되십니까,442,192,0,0
108,Decricia,441,229,0,0
109,리롤 못참는 사람,440,196,0,0
99,혜원둥이,439,120,0,0
110,케모마엘캐모마일,439,210,0,0
84,miamiamiamia,438,284,0,0
59,a9043,437,206,0,0
71,음성사과2,437,361,0,0
83,뭐할라하지말라고,437,693,0,0
60,고고개미,436,440,0,0
61,인죽이,436,305,0,0
62,던지는거 챌린저,435,197,0,0
63,시기펩,433,247,0,0
64,아카시아하나따기,433,295,0,0
65,성록썬더,433,210,0,0
66,헬로우 청춘,432,250,0,0
67,요르르륵,431,370,0,0
68,A Final Death,431,209,0,0
69,점수버그걸린사람,431,388,0,0
58,할줄 아는것만 함,430,446,0,0
70,희구너,430,203,0,0
72,니뭐되나,430,187,0,0
73,극악무도한 복실,429,346,0,0
74,사실싫어,427,248,0,0
75,수학30번,426,218,0,0
76,좀비맨,426,276,0,0
77,잼쁘님,426,211,0,0
78,강력한탈주범,425,284,0,0
79,DaeHoon,425,184,0,0
80,낚시도구,425,311,0,0
81,아오링고,424,323,0,0
82,자잇z,424,146,0,0
224,인생유일,424,333,0,0
225,동사강목,424,384,0,0
226,Not Scythe,423,351,0,0
227,Vanguard Mystery,423,271,0,0
369,이기기쉽네,422,313,0,0
370,정금탁,422,199,0,0
371,마스터이 마스터,422,409,0,0
372,체스왕1,422,156,0,0
373,누누눈나,422,586,0,0
374,OHwowHO,421,419,0,0
375,미대생,420,345,0,0
376,빨치산,420,250,0,0
377,N극과S극의뜨밤,420,221,0,0
368,숭토체스,419,326,0,0
378,늘 너,419,106,0,0
379,국순길,419,208,0,0
380,상우야잘좀해,419,262,0,0
382,23학번 김찬민,419,398,0,0
383,잇 떼,418,344,0,0
384,엿파는엿장수,418,131,0,0
385,26 LEE M H,417,248,0,0
386,킬 뺏 긴 원 딜 ,417,153,0,0
387,alleyday,416,169,0,0
388,오렌지는사과,415,201,0,0
389,2 수 호,415,203,0,0
390,땅꼬밍이,414,184,0,0
381,롤토체스반면교사,413,342,0,0
391,채희린,413,203,0,0
392,qerew,413,111,0,0
341,simsun7,412,135,0,0
353,하늘에얼음이있음,412,322,0,0
365,예 뻐,412,155,0,0
366,술 집,412,338,0,0
342,조성몇,411,439,0,0
343,미스터초밥왕77,411,128,0,0
344,이름김지인,411,266,0,0
345,나뭉아,411,329,0,0
346,플람므,411,140,0,0
347,Sissela,410,123,0,0
348,토토로11,409,378,0,0
349,입닫체스,408,320,0,0
350,영타구니,408,241,0,0
351,부먹민초진순하와이안피자펩시맥콜,408,258,0,0
340,드박ºº,407,197,0,0
352,검사기,407,325,0,0
354,초코슈크림 워니,406,193,0,0
355,고유나,406,105,0,0
356,인턴 멈춰,406,252,0,0
357,웨 돌,406,541,0,0
358,귀살대 장우석,406,385,0,0
359,엉망진창 보리님,406,277,0,0
360,매탄동강형욱,406,370,0,0
361,용바위운용기재병,406,151,0,0
362,팔차신,406,336,0,0
363,맞워요,405,146,0,0
364,너엉로,405,167,0,0
393,Bellruns,405,254,0,0
367,게임잘하는남자1,404,266,0,0
394,RST22900,404,416,0,0
423,일단 주면 먹어,404,184,0,0
425,Lego77,403,195,0,0
426,못하는라인CS압수,402,116,0,0
427,Hz 한남종민,400,274,0,0
428,매직아이스,400,347,0,0
429,겟앰13년차,400,332,0,0
430,자꾸막만졌잖아요,399,130,0,0
431,저 애인 있어요,399,182,0,0
432,지 존 일 짱,399,285,0,0
433,카라멜s,399,394,0,0
424,편식왕,398,295,0,0
434,JzuZzz,398,317,0,0
435,쫌붙어라,398,264,0,0
436,순방할래,397,263,0,0
438,맛집밍9,397,366,0,0
439,BrcT 루이,396,159,0,0
440,저니밍,396,849,0,0
441,아 탑가고 싶다,396,235,0,0
442,딜폿하면던져요,396,370,0,0
443,미친꼴리는플레이,395,351,0,0
444,battle symphony,395,265,0,0
445,유색2,395,299,0,0
446,노루야놀자,395,241,0,0
437,강도깨비야,394,690,0,0
447,마스터 3,394,130,0,0
448,롤토만합니당,394,548,0,0
397,롯데리아 사거리,393,226,0,0
398,이름이이렇게길어도되나싶을정도로,393,332,0,0
409,꿀자몽차,393,238,0,0
421,걸작장이 오른,393,212,0,0
422,Kkame2,393,84,0,0
399,로또운롤토체스에쓰는사람,392,108,0,0
400,HeoMa,392,385,0,0
401,산소닭,392,372,0,0
402,tft 땅꼬마,391,197,0,0
403,Demarai Gray,390,120,0,0
404,전잘난맛에살아요,390,637,0,0
405,녕준이,389,132,0,0
406,목없는사람,389,408,0,0
407,모래주머니,389,160,0,0
396,DAGU,388,286,0,0
408,상엽이형,388,230,0,0
410,무지성탑이되고파,388,270,0,0
411,Sejong 공룡,388,353,0,0
412,랑리쓰리랑,388,361,0,0
413,탐욕의 죄,388,318,0,0
414,무빙느낌있어,388,290,0,0
415,만두라에몽,386,411,0,0
416,소라게 다 내꺼,386,238,0,0
417,Real Cuzz,386,239,0,0
418,준떡대,386,99,0,0
338,실 세,385,419,0,0
339,Hz UmCri,385,296,0,0
395,기분대로하는사람,385,193,0,0
419,아이디로안,385,132,0,0
420,이것만하고할게,385,233,0,0
257,가카그케원툴유저,384,320,0,0
258,퉤디이,384,267,0,0
259,Kim gyu hyeon,384,242,0,0
260,깜안림우진,384,135,0,0
261,자이라 고수,384,167,0,0
337,털코르셋,384,271,0,0
262,올빼미형인간,383,267,0,0
263,북경아기삵,383,556,0,0
264,아가돼지 서기,383,169,0,0
265,교방동,383,167,0,0
266,리븐 사기챔,383,200,0,0
256,짱주갓적만한다,382,518,0,0
267,달라도달라,382,278,0,0
268,내가니집뽀삐냐,382,212,0,0
270,믕 츄,381,120,0,0
271,못말리는 엄짱구,381,264,0,0
272,OwnRipper,381,354,0,0
273,yuniversal,381,173,0,0
274,호전중,381,265,0,0
275,TFT AD Carry,380,221,0,0
276,uL 롤체보단유진,380,177,0,0
277,혼칼찐,379,111,0,0
278,슈르르르륵,379,398,0,0
228,아이씨 조보아씨,378,269,0,0
229,BOT 혜지,378,286,0,0
253,행복이필요한사람,378,235,0,0
254,70014241,378,388,0,0
255,고문관 신승현,378,139,0,0
269,언더덕씨,378,263,0,0
279,롤을하면롤롤롤,378,416,0,0
280,37세모솔아다염창두,378,437,0,0
230,시골참새,377,126,0,0
231,정신병자19호,377,277,0,0
232,대일본제국,377,381,0,0
233,noanne,377,422,0,0
234,민혀깅,376,147,0,0
235,채팅시 사망,376,212,0,0
236,룬테라하러옴,376,172,0,0
237,좋은거만 함,376,552,0,0
238,명예 0렙 찍기,376,256,0,0
239,같은그림찾는사람,376,406,0,0
240,Kihyungdo,375,221,0,0
241,twitch 전설빵,375,160,0,0
242,구월동토박이,375,228,0,0
243,BN의 배신자 저격계정,375,61,0,0
244,JB Lee,375,491,0,0
245,궁중심리,374,201,0,0
246,Becrux,374,255,0,0
247,용욱아 물좀,374,150,0,0
248,9대1 뚫은 사나이,374,365,0,0
249,끼잉 나 애기깡민,374,194,0,0
250,두글자로만들어진,373,674,0,0
251,navvs,373,224,0,0
252,내가부엉이다,373,110,0,0
281,CE Twix,372,182,0,0
282,Aalc,372,145,0,0
283,보리보면짖는개,372,117,0,0
311,Burning,372,252,0,0
313,CoJooBoo,371,189,0,0
314,훈 순,371,194,0,0
315,부셔버리기,371,517,0,0
316,날두했다,370,141,0,0
317,신드라담배피드라,370,140,0,0
318,미드 1st,370,339,0,0
319,읭읭읭읭읭읭읭,370,240,0,0
320,티람지,370,260,0,0
321,장광자,370,114,0,0
312,PBE안해서너보다못함,369,246,0,0
322,샨 푸,369,347,0,0
323,달님해님별님,369,251,0,0
324,유미로널지켜줄게,369,352,0,0
326,정유년묘월묘일,369,322,0,0
327,쿠퍼 머피,368,93,0,0
328,콜비카오스코빙턴,368,391,0,0
329,작아서수치스러워,368,369,0,0
330,Viento,367,296,0,0
331,귤먹고양치하기,367,205,0,0
332,구광덕,367,186,0,0
297,TFT원정,366,212,0,0
310,러브메세지,366,215,0,0
325,Cluge,366,263,0,0
333,그얼굴에뭔공주야,366,410,0,0
334,VoteLeeJaeMyeong,366,93,0,0
335,고려주전자,366,190,0,0
336,    배치부터    ,366,226,0,0
285,뵨태앙,365,234,0,0
286,진짜운빨씹망게임,365,396,0,0
287,경북대 체스머신,365,238,0,0
288,도깨비 비형,365,205,0,0
309,케이틀린 3성,365,355,0,0
289,AsLunar,364,279,0,0
290,Lee 종원,364,343,0,0
291,윤임천사가아닐까,364,449,0,0
292,널사랑하나봄,364,155,0,0
293,dumpsong,364,531,0,0
294,실력 태보,363,113,0,0
284,Theb0b,360,388,0,0
295,황당황당황당당,360,568,0,0
296,TFT 냐옹이,357,258,0,0
298,각성이,357,198,0,0
299,단풍사탕,355,205,0,0
300,한번 뛰는 사람,350,602,0,0
301,c600g,337,317,0,0
302,ELGOOG,332,240,0,0
303,민초단 망고빌런,328,786,0,0
304,Actin,323,319,0,0
305,네네치즈볼,316,182,0,0
306, 블 륀 쨩,315,229,0,0
307,천발백중,311,198,0,0
308,조만간퇴사,265,169,0,0
899,오버스,261,293,0,0
